	tokens	ratings
0	sicko	1.7094923
1	halloween	6.910295
2	belong	4.197136
3	untimely	15.082852
4	--	2.7657242
5	either	1.476279
6	longest	3.9067435
7	abused	11.445072
8	movie	4.582142
9	sanctions	2.5697641
10	protect	15.470771
11	cost	7.099419
12	insulted	3.9733024
13	schools	8.9143505
14	keeping	2.9256277
15	toughest	7.8412538
16	plate	5.0905204
17	sacrifice	18.879135
18	suffering	26.26512
19	police	8.298282
20	deaths	14.497748
21	melted	17.309841
22	reaction	3.1216395
23	provided	10.625182
24	half	2.2558267
25	contamination	10.425998
26	4	10.76989
27	brings	10.993562
28	called	4.7524147
29	deliver	14.834317
30	usually	2.8786306
31	compares	5.119269
32	encounter	11.620604
33	egoist	2.5598698
34	information	11.006141
35	assaulted	15.651223
36	website	5.7528
37	fact	2.355061
38	elevators	6.958644
39	far	3.1806703
40	deppression	18.063826
41	rise	4.765263
42	system	6.023627
43	churn	10.934146
44	try	3.7094445
45	done	8.0351515
46	suffer	18.182753
47	persistently	5.9356117
48	products	5.6157947
49	cruiser	13.260471
50	species	6.0710845
51	dumping	2.2044075
52	propaganda	3.2354198
53	unfortunate	5.4862485
54	mine	6.819968
55	killers	9.053667
56	allegedly	4.696675
57	both	8.393093
58	re	6.654529
59	really	7.1939654
60	helps	8.952743
61	complications	12.029805
62	death	17.418968
63	carraway	14.629957
64	official	4.443806
65	guidance	18.969051
66	inducing	3.6787848
67	looting	7.2690244
68	protection	16.75273
69	shameful	3.4236903
70	forewarned	4.123288
71	likely	2.911926
72	creeped	2.8176377
73	they	6.7619305
74	larger	7.429492
75	number	8.896185
76	spite	4.515567
77	certainly	3.376718
78	any	1.855375
79	u	7.7857766
80	somebody	3.893695
81	us	11.695893
82	"""."	3.1641493
83	poorly	7.2168856
84	no	2.3451598
85	beyond	4.7426796
86	disorders	13.84109
87	amount	2.7410383
88	(£	3.1641493
89	doubled	6.146116
90	lenses	3.3973343
91	2nd	4.729943
92	three	8.1737175
93	few	4.95697
94	ll	9.173651
95	sign	6.2704954
96	agree	2.263345
97	stolen	6.9239306
98	hide	3.0850399
99	counts	5.3205976
100	bolivia	15.336771
101	turn	7.044716
102	main	3.769523
103	attacking	4.6593328
104	chalking	3.434901
105	figure	1.8234729
106	basic	3.9786122
107	bodyguards	6.1819963
108	to	7.0139856
109	teixeira	8.857189
110	water	10.648289
111	9	10.973723
112	punished	5.3020287
113	anyways	2.727207
114	occurrence	7.641189
115	break	6.7829356
116	be	4.190236
117	doubt	1.7708118
118	invite	7.929523
119	stuff	2.551757
120	multiple	11.521338
121	holder	2.7731085
122	stay	3.9754474
123	progression	9.390327
124	asking	3.3910754
125	underlying	4.6893706
126	china	3.547163
127	deserves	9.253619
128	causing	7.2294254
129	sanctioned	2.570174
130	ground	11.122166
131	arizona	15.170591
132	neocons	2.3837092
133	jong	4.760893
134	every	3.3057623
135	significant	4.2670174
136	sounds	8.661867
137	market	2.2023597
138	panicking	1.8403801
139	sell	5.4513555
140	friend	10.544545
141	warnings	7.7915473
142	remakes	3.2738953
143	nazi	4.4280524
144	local	6.2538857
145	full	5.9059753
146	name	6.7208858
147	organizations	7.473872
148	security	5.4346323
149	bunch	1.4548153
150	mass	12.885928
151	suicides	10.699657
152	chances	7.2299457
153	bit	1.8228751
154	birds	24.662027
155	happiness	14.488671
156	intruders	8.606434
157	mindset	2.118835
158	leaving	5.9784403
159	known	4.8756666
160	will	4.741326
161	nonsense	1.3979893
162	usual	2.4208348
163	upcoming	7.2428603
164	hiv	2.407644
165	over	4.1469126
166	two	5.167586
167	original	2.7590632
168	burmese	6.752987
169	reading	9.27419
170	think	3.6128802
171	insignificant	3.0703912
172	australia	8.47515
173	totally	5.794653
174	coffee	6.47154
175	pulling	3.6643043
176	theocracy	2.1140826
177	hated	6.851603
178	chunky	9.88641
179	peace	14.802556
180	pay	3.6968656
181	through	14.793019
182	humanitarian	9.742603
183	born	10.569948
184	on	6.1698556
185	developing	5.6039877
186	though	1.7659255
187	buy	6.1037674
188	stand	3.601274
189	indicted	4.605468
190	literally	8.840536
191	imply	4.5236883
192	roadblock	6.692096
193	terrorist	3.487616
194	precisely	5.1750298
195	thehri	3.1641493
196	bailout	8.754887
197	inspection	11.182253
198	tragic	15.3935995
199	insinuations	5.143899
200	pain	23.022026
201	risks	6.293371
202	habitats	25.134283
203	ownership	7.4544573
204	pumping	4.8062468
205	scourge	6.8640227
206	helpless	18.999496
207	before	4.1875305
208	incidents	8.580524
209	valued	10.22435
210	terribly	6.897368
211	itll	3.3203692
212	best	6.754745
213	tell	5.518606
214	size	8.408548
215	behavior	4.441692
216	murderers	9.673734
217	activity	4.925737
218	cought	4.4455895
219	partner	8.468126
220	prepared	3.3206043
221	did	8.615768
222	sit	4.8910213
223	concerned	3.4151776
224	well	3.6133816
225	ever	2.457176
226	fire	15.715808
227	want	5.4079194
228	off	3.7505202
229	created	4.905769
230	nations	5.53074
231	!	11.253865
232	earth	15.157532
233	subjected	12.42332
234	cooperative	4.702564
235	crackdown	5.288611
236	supporter	7.1094036
237	goals	8.57494
238	corps	5.1365995
239	stop	4.0916815
240	fate	11.794833
241	poverty	20.204092
242	extreme	2.6927938
243	via	11.985552
244	quicker	7.8788314
245	leading	8.165368
246	holds	3.162365
247	produce	4.2306833
248	hand	3.422515
249	showing	4.258833
250	advanced	4.6813545
251	move	5.119552
252	interview	10.250268
253	politicians	2.5557108
254	who	4.490471
255	reasons	3.1059313
256	affected	7.1007214
257	blames	3.9588985
258	mining	16.424135
259	involvement	8.670763
260	dont	4.4051876
261	victim	8.396152
262	returned	9.360664
263	immersed	9.949424
264	murdering	6.7186975
265	deserve	17.347672
266	hopefully	4.1441684
267	complete	8.447721
268	someone	4.2974405
269	god	4.9165688
270	countless	14.064246
271	older	10.524918
272	elementary	13.210416
273	resources	13.370582
274	reported	6.2006397
275	place	2.9847455
276	computer	3.0592637
277	hateful	5.992096
278	considered	4.6626015
279	reducing	8.45526
280	sand	5.866818
281	tax	4.12127
282	sympathy	10.280442
283	inmates	5.834981
284	depression	20.08993
285	unsubstantiated	5.722381
286	took	5.156434
287	cholera	12.299187
288	regulations	5.76063
289	pennsylvania	20.854012
290	takes	3.319034
291	mentally	5.268985
292	report	7.1006026
293	immediate	10.674947
294	stupid	1.5764695
295	catch	3.0595248
296	usa	5.431355
297	thinking	2.3367398
298	adding	5.5655055
299	plague	9.961583
300	effects	8.230071
301	cannot	4.8285627
302	bringing	6.066841
303	write	10.303346
304	hiding	2.702933
305	responding	5.097393
306	savings	12.29323
307	video	6.3757343
308	election	6.2701354
309	eaters	5.190606
310	participate	5.362515
311	look	7.3434777
312	relaxed	2.965022
313	reports	11.442466
314	hope	6.765489
315	physically	10.512231
316	train	7.33184
317	international	7.161725
318	reckless	5.6059074
319	medically	8.710434
320	vindicated	6.323979
321	jenner	12.204529
322	fooled	1.6274142
323	amusement	3.5625353
324	accept	3.6461089
325	anything	1.3926058
326	humanity	9.168146
327	breeding	4.9038157
328	vomit	7.9495306
329	pretend	1.3888278
330	nutrients	17.141258
331	round	5.6946936
332	misfortune	9.609287
333	maybe	2.5358264
334	history	6.232361
335	running	3.9517217
336	week	2.8263993
337	flee	19.68825
338	popular	3.555096
339	backwards	5.8805404
340	fail	3.524868
341	bear	20.267632
342	simpsons	3.6663427
343	disloyal	4.630871
344	states	9.043939
345	ramblings	2.831727
346	college	5.250825
347	treated	11.297905
348	ridden	3.2654607
349	raises	2.8976636
350	wider	6.184388
351	sexually	3.4899104
352	direct	13.047304
353	lebron	6.0934906
354	how	10.681122
355	obligation	9.631001
356	corrected	5.1854205
357	land	15.32377
358	jobs	3.4307992
359	lawsuit	3.6341453
360	foods	11.33811
361	entered	7.184081
362	answers	8.672201
363	also	7.2642817
364	ostriches	2.68882
365	stealing	3.961475
366	passage	19.370445
367	doherty	18.972889
368	parts	5.2340446
369	braves	24.195704
370	t	7.096919
371	disasters	3.1664255
372	celebrities	2.854755
373	thousands	13.486268
374	anger	12.151122
375	melt	16.63776
376	torture	6.473391
377	sicknesses	23.94416
378	,”	3.1641493
379	trailer	4.2491784
380	nowadays	4.144201
381	fuel	7.212574
382	person	3.598312
383	celebrating	10.038533
384	soon	5.9491816
385	powerful	14.925834
386	troops	11.383263
387	rights	9.800862
388	semen	2.7540274
389	point	3.0835829
390	afghanistan	21.800732
391	problem	1.6048013
392	freedom	16.203848
393	mostly	2.8213952
394	message	8.7641
395	upset	4.0674806
396	skito	3.1641493
397	negative	4.6477566
398	arabia	4.636996
399	automatically	4.61107
400	haven	5.627977
401	sexual	4.0706134
402	unstable	5.239602
403	everyone	3.3921127
404	glaring	2.5750375
405	biggest	3.3924513
406	regions	10.268813
407	new	3.8691466
408	warm	11.966291
409	safer	6.7586217
410	considering	3.824591
411	forward	5.051298
412	salmon	5.310258
413	cancer	24.779543
414	emotionally	17.211441
415	great	13.498682
416	workers	8.9102335
417	gone	4.3872824
418	user	5.7596383
419	ties	2.5582802
420	mosul	10.747624
421	d	10.195637
422	laws	3.8322964
423	equals	10.252578
424	benefit	5.267388
425	awareness	13.628928
426	racism	8.374868
427	scum	2.2682662
428	slab	3.459461
429	invasion	6.905291
430	depressed	12.352095
431	polish	6.020094
432	frightening	6.848355
433	duterte	6.1194186
434	dangers	10.630935
435	yeah	3.638992
436	news	3.3491218
437	work	6.7080903
438	azu	6.3625245
439	dogs	15.98829
440	purification	21.524412
441	capitalism	8.136885
442	shelter	19.056105
443	decided	3.4875348
444	food	9.855474
445	bully	5.991563
446	after	4.4616504
447	monarchy	4.3328066
448	same	2.1298609
449	diseases	16.686213
450	canals	15.986877
451	mu	7.8836865
452	sexuality	5.718574
453	guilt	18.297335
454	readings	17.298437
455	sense	7.639299
456	notice	2.481452
457	utterly	5.7777987
458	mountain	7.473185
459	office	7.317413
460	critters	10.613248
461	albatross	15.313817
462	bond	11.033794
463	siege	6.428424
464	aden	15.203467
465	turned	6.950828
466	brassiere	4.3863125
467	ones	4.191752
468	cities	13.581252
469	worry	1.7560554
470	star	13.866238
471	depraved	2.8417876
472	promoting	4.5797496
473	robbed	11.519568
474	approaches	10.604657
475	deny	3.1289542
476	trafficking	8.056962
477	fernandez	19.702755
478	are	11.405024
479	spend	5.089907
480	culture	4.58273
481	seventy	17.690351
482	muslim	5.315811
483	sleep	13.2855
484	baby	12.118006
485	closer	11.146974
486	poor	12.054513
487	area	11.590645
488	self	7.4467845
489	gorilla	8.875899
490	stress	12.950915
491	students	10.04003
492	using	7.008495
493	places	7.1843133
494	particularly	5.2198744
495	air	10.330324
496	services	10.2228365
497	s	8.909649
498	wants	3.3970923
499	dr	9.56955
500	healthcare	15.2787695
501	weird	1.5826417
502	may	5.950479
503	earthquakes	7.9890323
504	shittiest	3.9108522
505	jealous	5.639037
506	error	5.0382075
507	year	4.281567
508	humans	14.7196045
509	destroyed	12.776137
510	carnage	8.834801
511	assuming	1.9226052
512	metal	8.997184
513	super	7.730162
514	guarantee	4.7611275
515	port	7.319416
516	guns	4.5882535
517	unsafe	8.160749
518	nation	6.302929
519	pet	11.620527
520	ms	16.459578
521	un	2.8186738
522	overall	4.185499
523	reputation	7.889525
524	signs	11.038917
525	actors	1.817243
526	difficult	12.805416
527	sometimes	7.374229
528	tinnitus	12.733655
529	stressful	13.985548
530	tragedy	16.189713
531	gruesome	8.061509
532	august	8.561339
533	....	5.479726
534	post	1.9732857
535	manner	4.852684
536	copy	7.9094663
537	camping	7.586698
538	producing	4.006136
539	positions	2.5102715
540	don	2.7807856
541	care	5.1903787
542	sympathize	15.446964
543	resume	4.6220493
544	becoming	8.989536
545	oh	7.9685397
546	due	10.045077
547	behind	3.213901
548	preventing	3.6725824
549	societies	5.6459208
550	mention	2.8013067
551	shouldn	2.7294729
552	overseas	4.6656733
553	kids	8.789471
554	jail	7.3048577
555	her	16.94683
556	homosexuality	2.7157257
557	myanmarl	3.1641493
558	love	19.144554
559	barely	1.561636
560	freshman	6.7872214
561	else	1.8609773
562	impact	16.00264
563	minute	4.742108
564	get	11.107476
565	shovels	7.134591
566	ends	5.3055234
567	serves	6.718442
568	crisis	5.9166884
569	along	8.796316
570	worse	3.3309584
571	it	5.4730587
572	gains	8.317405
573	this	4.5251174
574	naked	2.657947
575	opposite	4.306664
576	came	6.6536565
577	than	4.24455
578	recieved	12.957785
579	although	3.158538
580	difference	3.6526408
581	interest	3.3390765
582	despite	4.4868293
583	attitude	2.6216416
584	volunteer	9.658713
585	alive	5.668744
586	questions	8.431127
587	interfering	1.7272811
588	keep	2.935642
589	refused	5.820153
590	hospital	14.820084
591	atrocious	4.443772
592	yet	3.7546363
593	elected	4.877527
594	line	3.4465551
595	eldest	8.419643
596	situation	5.3628163
597	gun	3.8570445
598	despair	17.390745
599	drinking	7.225902
600	bullied	11.606926
601	forced	5.878642
602	shit	2.073633
603	very	8.175629
604	borders	5.7755976
605	blouse	4.745815
606	couldn	7.367477
607	anymore	1.6881818
608	play	6.2200437
609	frustrated	6.111552
610	houston	11.308384
611	exile	19.211739
612	country	5.621632
613	fifty	7.5748553
614	died	15.6362
615	campus	8.875137
616	himself	2.5209846
617	angry	12.0574875
618	admit	1.5563779
619	utilities	7.2814507
620	author	12.293343
621	spreading	9.234538
622	deeply	8.492037
623	moat	4.080971
624	thanks	6.4871545
625	attacks	9.749328
626	advertisement	4.5296845
627	ourselves	11.43
628	doesn	3.1531243
629	case	2.0488002
630	end	4.4680543
631	members	6.1299477
632	sticker	4.1879373
633	interested	1.6362119
634	city	9.589472
635	fear	4.109775
636	birth	14.348251
637	current	4.6587224
638	slept	6.211534
639	adversity	20.424234
640	approached	9.866365
641	continuing	4.63307
642	made	5.7033935
643	channels	9.81263
644	revving	6.009002
645	month	2.8342156
646	saw	6.206412
647	serious	1.6137336
648	bernie	7.2580433
649	procreating	3.3728986
650	caravans	9.875889
651	wasted	2.985196
652	seen	4.5036025
653	cdc	16.177462
654	exactly	3.8800983
655	legit	1.4228255
656	lost	15.504559
657	influence	10.007281
658	with	7.313721
659	ruin	2.9066494
660	surprise	1.8600191
661	committing	4.703448
662	quit	3.3873224
663	comfort	17.83562
664	follow	5.589085
665	nigeria	10.673641
666	finger	2.7796967
667	ironically	2.9812992
668	seriously	2.8782494
669	worried	3.150468
670	eastern	9.592021
671	dare	2.0515234
672	cia	5.6478667
673	aggressive	8.211107
674	little	6.272075
675	hesitation	3.1146202
676	drill	2.6984942
677	thing	2.1599867
678	bail	3.2496896
679	flames	9.947958
680	thorough	13.192306
681	rounded	7.2187896
682	sure	3.8760056
683	remain	6.568077
684	builds	4.4664717
685	trend	1.6057105
686	burst	7.604917
687	good	6.163912
688	agenda	2.5385668
689	varies	6.214755
690	taxation	9.504201
691	standards	3.4767838
692	sister	17.309626
693	checkpoints	15.4492
694	droughts	5.5151267
695	liberals	2.7270122
696	interestly	3.1641493
697	huge	7.52091
698	whether	3.2476437
699	race	4.7793417
700	wine	7.901584
701	out	5.347976
702	fool	1.5912822
703	goes	3.1338844
704	child	13.007118
705	encouraging	4.13614
706	already	3.6694844
707	starving	14.076564
708	problems	4.7589345
709	opening	4.005782
710	innocent	13.1608925
711	sent	8.926449
712	responsible	3.878238
713	risk	6.819586
714	hurting	14.2267475
715	harming	8.762455
716	she	14.574447
717	bed	5.4330273
718	class	5.4860454
719	plea	10.24046
720	troubled	11.162114
721	goods	3.9623988
722	swath	7.141016
723	possible	6.4923763
724	murder	10.104203
725	michael	13.694188
726	indiscretion	3.9258015
727	easily	5.4160895
728	recommends	8.524359
729	starting	5.2263947
730	convicted	5.644771
731	react	4.110122
732	comes	4.6311827
733	happens	3.6245513
734	disturbed	4.853455
735	bullying	10.567999
736	curious	1.8087338
737	scouting	6.1142254
738	animals	24.169212
739	newer	4.1858087
740	real	2.7207222
741	intended	3.3619359
742	hollywood	3.8730783
743	trading	2.482988
744	affordable	16.768972
745	bloody	5.8724074
746	landlord	5.7430196
747	chelsea	8.340023
748	commented	3.805928
749	abstract	13.508083
750	emotions	13.080538
751	motive	6.543943
752	miles	23.644531
753	county	5.619698
754	opinions	3.3818784
755	partners	6.081309
756	choice	8.997611
757	cleaning	5.4836254
758	online	7.40115
759	poses	3.2345161
760	bootstraps	7.6738605
761	coalition	6.404799
762	reach	13.693503
763	hot	5.073949
764	slightly	1.8688955
765	disgusting	2.2088017
766	affiliate	8.24828
767	decade	2.414451
768	harder	6.559769
769	wrong	3.6341543
770	medical	9.6601305
771	recent	4.578439
772	slavery	15.094004
773	east	9.911597
774	widely	6.7936563
775	decades	7.609391
776	do	7.7235856
777	concerns	6.984719
778	officer	10.794221
779	detected	5.481928
780	however	2.806174
781	farming	4.995484
782	piece	3.1064632
783	wracking	6.4375434
784	cell	6.6501584
785	list	2.398955
786	expensive	4.5892744
787	immediately	6.1102448
788	caught	2.7774181
789	n	7.3536024
790	areas	11.611198
791	countries	4.08173
792	could	6.5773606
793	found	7.0122666
794	backpacking	8.5816765
795	now	5.5948443
796	rules	2.8279357
797	telling	2.9063458
798	their	8.9755125
799	stove	2.7843206
800	discussing	1.8455195
801	tricked	4.195796
802	tested	3.40163
803	disrespectful	4.3397093
804	kylie	15.088856
805	heartbreaking	29.830143
806	anxious	8.310886
807	costs	6.1598825
808	irrelevant	1.7400429
809	drives	10.59992
810	kennel	20.284409
811	declined	6.3099422
812	longer	2.4872599
813	of	5.19573
814	source	10.983805
815	dangerous	4.175523
816	suicide	16.824022
817	covering	7.3290877
818	crowd	2.753536
819	sides	2.1203825
820	stories	6.743644
821	for	5.150705
822	handler	5.9987545
823	forthwright	3.1641493
824	google	4.2735395
825	deformed	10.627523
826	citizen	7.8754354
827	families	22.688879
828	worked	5.275054
829	leader	6.727444
830	fully	3.3891022
831	concrete	8.9400215
832	hearing	11.574924
833	celebrity	3.3785648
834	bury	5.1430144
835	lies	6.390256
836	jokes	1.8460584
837	stronger	6.0071325
838	wildfires	15.054275
839	religion	4.416028
840	and	10.264525
841	’	15.509947
842	rides	4.5834274
843	outdated	3.8469856
844	precautionary	6.810797
845	honestly	3.7719295
846	endure	17.11779
847	sucks	4.644574
848	violent	8.830989
849	frame	2.8681722
850	reprimanded	4.6243453
851	mary	14.792554
852	monsters	7.014273
853	eat	9.886182
854	mexico	5.30677
855	six	10.240248
856	capacity	9.312783
857	kidnapped	9.582888
858	price	4.518832
859	generations	12.789573
860	dude	1.9907777
861	talk	5.7389836
862	reference	7.153087
863	cause	4.790899
864	inspections	10.43347
865	vetting	6.4584064
866	paralyzed	5.5387087
867	past	6.001228
868	rhony	3.1641493
869	wreak	11.167581
870	guy	1.8468096
871	our	16.25394
872	today	8.780027
873	filtering	3.8726358
874	dog	12.584446
875	towards	7.823283
876	future	4.8319354
877	bites	7.2764235
878	hypocritical	1.5781983
879	caution	6.8159056
880	beautiful	19.795618
881	enjoy	5.361117
882	beverly	18.767622
883	buffet	6.7846937
884	mate	10.440949
885	horribly	10.116456
886	ugly	6.6604314
887	game	2.3332176
888	raise	3.7433758
889	additional	10.9564495
890	concept	6.920725
891	consequences	7.800476
892	like	4.668085
893	particular	3.1522732
894	cook	2.392403
895	afford	8.7846985
896	block	3.4063709
897	anyway	1.7985673
898	slap	5.5739098
899	cancel	7.037905
900	actresses	4.4293575
901	global	5.625663
902	accounts	3.5628893
903	down	3.9571805
904	supplies	8.900258
905	owners	5.2603903
906	going	4.845225
907	surprised	2.0355237
908	face	9.367183
909	because	6.0779996
910	contacts	6.4134536
911	toward	8.60015
912	own	6.10228
913	percent	9.234944
914	girlfriend	4.3379273
915	dressed	2.414444
916	special	7.610589
917	compensation	12.769869
918	package	7.647457
919	ad	4.4682755
920	financially	13.782814
921	perceived	6.7224417
922	term	6.2750964
923	didn	3.257098
924	harm	9.646136
925	breaches	8.649193
926	first	5.677011
927	believe	3.4741461
928	measures	7.1250806
929	wire	6.087984
930	begins	9.224245
931	myself	2.9586244
932	repression	8.0461035
933	10	11.350556
934	otherwise	2.4425635
935	'	6.308791
936	kid	4.5023313
937	bull	2.7033243
938	%	5.884861
939	sunni	6.130948
940	return	11.279417
941	american	5.637052
942	motives	4.3744483
943	invading	6.000549
944	1	5.895615
945	prominent	6.5632324
946	survived	14.295344
947	hurricane	5.551372
948	light	11.938433
949	remember	6.214053
950	example	4.0231867
951	equal	6.732261
952	kind	4.8088274
953	push	3.4045866
954	damage	16.383646
955	other	2.6901417
956	moldovan	3.1641493
957	positive	4.5524187
958	while	3.2437737
959	elderly	12.8922615
960	noticed	2.0165453
961	obvious	2.5541067
962	total	6.345699
963	united	8.714923
964	misidentifies	7.005511
965	advances	4.3776927
966	protest	7.7493463
967	feeling	11.941359
968	escort	13.753378
969	accused	4.5127954
970	tear	13.123415
971	fluctuations	3.2814274
972	order	3.6275382
973	eye	4.5498223
974	big	4.8850107
975	find	7.812722
976	effect	2.521166
977	human	8.708824
978	conflict	11.885475
979	serving	9.162303
980	broken	6.138949
981	branded	7.722031
982	exacly	5.9128304
983	wrist	3.7266364
984	invasive	6.064587
985	aren	4.3037686
986	??	3.1641493
987	wiped	3.0687003
988	seemed	4.5541835
989	passenger	13.5422535
990	600	7.983303
991	media	6.4642634
992	nasty	3.0663328
993	agreement	3.431054
994	strangers	7.2793865
995	doing	7.111866
996	space	12.209105
997	fight	10.920617
998	starts	6.134515
999	matthew	11.425243
1000	designed	6.89461
1001	paragraphs	6.918784
1002	woman	6.1436234
1003	23	13.249582
1004	harmful	3.4436316
1005	pressures	7.906855
1006	judgement	3.4313476
1007	around	4.696527
1008	others	3.1917665
1009	fun	6.542059
1010	laugh	2.6627073
1011	looking	5.4555655
1012	squirrels	12.827779
1013	ordinary	2.3310287
1014	picture	4.248437
1015	talked	3.9442518
1016	used	6.0307927
1017	barrier	6.858454
1018	estimated	10.631641
1019	advance	3.5990686
1020	.	5.5515523
1021	hardline	2.5197248
1022	discovered	7.4042335
1023	crimes	4.663034
1024	suspected	3.2887728
1025	standing	2.9333622
1026	wise	3.0035136
1027	following	6.7441993
1028	law	4.2603602
1029	times	11.891425
1030	happy	9.032342
1031	ideas	3.8148217
1032	suck	3.9652753
1033	drunk	4.9484315
1034	discriminatory	4.52847
1035	syria	12.268644
1036	roles	9.153988
1037	boiled	7.5189266
1038	in	4.6755595
1039	education	10.979354
1040	version	3.3527658
1041	thrive	10.008573
1042	repressed	4.2178574
1043	sledgehammer	6.6752257
1044	disaster	2.500393
1045	george	7.9049125
1046	addressed	6.602429
1047	being	4.65857
1048	needless	5.5391836
1049	allowing	6.4523964
1050	see	6.3793044
1051	hear	8.483958
1052	fifteen	9.865251
1053	shame	7.238007
1054	professionals	4.003515
1055	wilderness	22.885677
1056	mentioned	2.1722755
1057	quick	6.7806177
1058	learnings	16.452173
1059	meningitis	9.726227
1060	lately	7.1264343
1061	ours	10.463527
1062	at	4.49754
1063	reporting	9.120631
1064	treatments	11.078219
1065	elephants	23.759789
1066	carey	8.280117
1067	up	2.6323888
1068	kim	5.39383
1069	warming	2.0440898
1070	hormone	1.9222804
1071	variation	2.5631678
1072	come	7.9643006
1073	behavioral	17.307499
1074	adopted	10.680467
1075	patriots	8.952335
1076	holy	13.482215
1077	weakness	4.189051
1078	disgust	3.7270982
1079	rather	2.6310704
1080	actions	4.6705523
1081	gets	6.8259277
1082	fence	4.0298038
1083	reverse	3.1428483
1084	president	6.195462
1085	standard	3.8883808
1086	luxury	8.952105
1087	congress	8.129544
1088	support	9.59967
1089	cuff	4.070276
1090	feed	6.621739
1091	corrections	7.3416324
1092	comparison	6.267505
1093	got	8.395347
1094	wrote	7.111234
1095	stuck	5.195731
1096	isolated	8.769826
1097	involved	3.8117464
1098	am	8.476916
1099	acts	7.075685
1100	feels	9.831081
1101	"."""	3.1641493
1102	debate	2.2751162
1103	filipino	2.9922318
1104	store	2.8546174
1105	easterners	2.1433792
1106	barbed	5.394691
1107	trump	5.6848054
1108	desperately	6.9565854
1109	matter	2.695038
1110	ban	1.4566501
1111	cattle	7.329127
1112	event	3.7613409
1113	jeez	4.7976956
1114	geographically	12.716223
1115	long	3.1213303
1116	lived	10.380771
1117	infections	8.439693
1118	ill	7.8918686
1119	cup	6.6840415
1120	minimized	13.543929
1121	succumb	11.393509
1122	often	9.691025
1123	possibly	4.558567
1124	become	9.929766
1125	avoided	6.1200514
1126	adorable	17.970327
1127	failed	2.9890661
1128	farmers	6.135918
1129	building	4.9127097
1130	minor	2.127593
1131	stink	1.5074577
1132	argument	1.7677805
1133	keith	9.937711
1134	funny	2.3787084
1135	habits	7.266738
1136	traumatized	16.618107
1137	carried	8.708861
1138	acting	2.3965979
1139	plenty	3.9649496
1140	terrifying	9.639199
1141	common	4.8930335
1142	river	17.933332
1143	200	8.368505
1144	rhetoric	3.6928172
1145	displaced	16.57294
1146	pornography	1.802578
1147	lions	21.54279
1148	begged	9.928806
1149	buck	3.0412958
1150	part	1.8802882
1151	lion	14.028034
1152	bodies	5.6984396
1153	put	4.8272595
1154	hunting	6.5684133
1155	wall	8.771325
1156	right	6.8071456
1157	definitely	5.295221
1158	5000	10.31392
1159	belongs	2.496568
1160	types	4.7642655
1161	random	2.1359324
1162	product	5.4604588
1163	die	18.701042
1164	went	5.5708127
1165	political	5.624891
1166	started	5.7322903
1167	northeast	11.416328
1168	harmless	2.2199636
1169	factory	4.597158
1170	florida	11.353617
1171	errors	7.028128
1172	waste	1.7832735
1173	door	3.7848272
1174	distributed	9.9909525
1175	photos	7.867135
1176	hiking	11.403973
1177	brand	7.494536
1178	would	6.587052
1179	documentation	13.646442
1180	becomes	10.357364
1181	explaining	5.754371
1182	occasionally	3.3064268
1183	a	4.1236844
1184	affidavit	10.831789
1185	necessary	4.120193
1186	capital	8.016111
1187	unclasped	15.023155
1188	north	13.089141
1189	willingly	4.145124
1190	exploitation	12.903372
1191	caused	6.058595
1192	charges	9.741031
1193	stopped	3.4337168
1194	escape	14.449448
1195	names	3.769551
1196	guess	1.5986546
1197	comprehend	15.457722
1198	stole	4.6621017
1199	sentence	5.7592115
1200	sending	7.4653068
1201	cousin	9.513083
1202	destroy	10.311566
1203	orlando	14.87323
1204	drills	2.4957952
1205	royal	8.426318
1206	extremist	3.5613678
1207	tremendous	16.463648
1208	equally	5.4426622
1209	tape	4.800254
1210	appropriately	10.00506
1211	curse	10.507184
1212	step	2.999309
1213	women	7.218196
1214	figured	2.7644744
1215	ineffective	4.011724
1216	give	11.986191
1217	dying	18.789001
1218	closure	12.847772
1219	routinely	5.144863
1220	lives	12.743802
1221	access	11.802135
1222	as	5.9474235
1223	ringing	8.876043
1224	wait	2.2284505
1225	employees	5.970734
1226	months	7.1677938
1227	target	13.127817
1228	solid	5.662408
1229	attack	9.273204
1230	daughter	12.186106
1231	campaign	8.121225
1232	from	8.508408
1233	downplayed	4.603657
1234	gives	11.589125
1235	affect	4.844201
1236	four	10.107335
1237	wish	5.96859
1238	testing	5.5304227
1239	photo	3.7080975
1240	whole	1.9133751
1241	3	10.006294
1242	painful	18.189238
1243	so	8.807973
1244	citizens	6.2213693
1245	kinds	6.6924763
1246	coming	6.1425242
1247	send	10.123478
1248	white	12.891213
1249	jury	2.9664152
1250	might	4.3280354
1251	navy	6.4753957
1252	cute	8.926053
1253	shot	6.723941
1254	microbial	10.652079
1255	reinforces	5.818982
1256	about	4.212754
1257	/	7.4536366
1258	fault	4.7903333
1259	funding	5.188277
1260	;	4.368481
1261	hoaxes	2.1756964
1262	improvements	5.411236
1263	open	3.8986995
1264	defenseless	20.300564
1265	murchison	26.218468
1266	carrying	7.4578056
1267	combating	5.273985
1268	certain	2.7148423
1269	filled	7.6601434
1270	threatening	3.5492358
1271	glasses	2.9880433
1272	bangladesh	5.636364
1273	recovered	7.9815936
1274	administration	4.762852
1275	fires	10.561153
1276	fatal	7.9147086
1277	consequenes	3.1641493
1278	social	10.198917
1279	overuse	5.672781
1280	trying	3.4051762
1281	falls	8.110955
1282	investigation	10.297243
1283	murderer	7.267442
1284	resort	3.287866
1285	struck	12.710473
1286	hold	3.589452
1287	use	6.233263
1288	pages	8.096049
1289	many	11.309133
1290	clear	7.7187843
1291	stayed	3.301805
1292	held	3.1384952
1293	happen	3.1561143
1294	interesting	2.736052
1295	ago	3.794522
1296	entertainment	6.1446853
1297	productive	2.7181401
1298	expect	2.806341
1299	correct	4.467175
1300	blood	13.998754
1301	crime	4.1267533
1302	spot	8.878258
1303	condoms	2.1210868
1304	qualifies	5.1770344
1305	hour	3.8658056
1306	lobbying	5.882056
1307	most	3.7326589
1308	camp	3.3566985
1309	lt	8.619563
1310	brother	11.550429
1311	hotter	3.6252408
1312	years	10.207092
1313	psychiatrists	7.4647703
1314	ridiculous	1.413257
1315	explore	15.899889
1316	saudi	2.9195116
1317	fatalism	7.5703673
1318	lesson	6.0973983
1319	carry	10.87744
1320	last	2.4550564
1321	surrounding	13.037261
1322	technicians	3.2492561
1323	away	9.892033
1324	blow	4.549802
1325	wanted	7.708194
1326	sick	7.5715737
1327	primary	14.517237
1328	eventually	5.123823
1329	parks	11.576343
1330	africa	18.502546
1331	surprising	1.8735065
1332	people	4.763594
1333	abuser	9.412444
1334	isnt	3.8989642
1335	family	15.952236
1336	advertisements	4.288015
1337	bowl	1.6662105
1338	its	7.718314
1339	second	2.9952903
1340	check	3.8371258
1341	repulsive	3.548765
1342	garbage	1.6453656
1343	crap	1.7103242
1344	shown	4.1893797
1345	interfere	1.6199625
1346	felt	17.070818
1347	told	4.028002
1348	even	2.6895437
1349	communicate	18.192013
1350	lower	6.006642
1351	hours	7.6118665
1352	5	12.5262165
1353	captured	11.64563
1354	abuse	8.926874
1355	pregnancy	13.224331
1356	described	8.900309
1357	trivial	1.5520608
1358	farms	12.233358
1359	forests	22.352922
1360	vote	5.1712894
1361	nobody	1.534342
1362	suddenly	5.0733266
1363	occurence	3.098074
1364	realize	4.569701
1365	tenant	8.73235
1366	condition	9.715515
1367	temps	3.7072542
1368	looked	6.0542455
1369	golf	3.7040894
1370	refugees	12.671568
1371	truly	9.716011
1372	worker	7.732738
1373	lucky	15.455685
1374	tend	3.8377044
1375	threathing	3.1641493
1376	hit	10.3243065
1377	british	8.751403
1378	shores	14.924627
1379	bad	4.056996
1380	struggle	16.835533
1381	male	5.6648526
1382	mice	19.263384
1383	russians	3.8170085
1384	uk	7.518285
1385	shows	4.282041
1386	hacked	1.7000581
1387	personal	10.090456
1388	show	5.228853
1389	iraq	11.022217
1390	business	3.6940854
1391	wont	2.107323
1392	red	11.524357
1393	?	8.206123
1394	struggling	13.789931
1395	porch	9.518078
1396	monkey	4.2239604
1397	environment	14.606657
1398	life	12.983884
1399	screen	5.846666
1400	rare	4.9155297
1401	encourage	5.825161
1402	there	3.5841837
1403	peacefully	10.896926
1404	according	9.969778
1405	improve	6.8056397
1406	polar	27.636219
1407	corporate	8.182711
1408	"""?"	3.1641493
1409	accountable	6.30147
1410	pull	4.289088
1411	small	7.465716
1412	whey	2.4307344
1413	useless	1.7796614
1414	without	3.0660605
1415	evidently	2.18415
1416	hysteria	2.6921277
1417	seem	4.391308
1418	provide	15.07531
1419	means	7.238304
1420	each	6.124996
1421	illegal	1.7411097
1422	plane	17.390606
1423	early	11.803169
1424	girl	5.2246857
1425	relevant	4.801177
1426	bears	21.502947
1427	garcía	23.529335
1428	making	5.930156
1429	what	7.4591513
1430	black	10.246431
1431	different	4.0651264
1432	nature	8.165634
1433	consider	4.246684
1434	interests	4.5171037
1435	lady	5.279823
1436	excuses	1.541846
1437	0	8.108012
1438	worst	2.3368979
1439	gear	3.185222
1440	spring	4.8215675
1441	cops	3.6672013
1442	read	9.281009
1443	comunale	15.1845045
1444	numerous	12.520785
1445	riled	2.385927
1446	spree	2.690113
1447	ex	5.6423645
1448	immigrate	12.604008
1449	prince	9.561871
1450	dig	5.1096654
1451	across	10.554579
1452	something	4.0011005
1453	job	7.5903473
1454	based	7.48721
1455	appropriate	7.9454107
1456	hacks	1.4098854
1457	rader	2.943899
1458	badly	7.6851234
1459	filed	7.1187835
1460	fake	1.4124727
1461	la	3.7079256
1462	creeps	3.1098588
1463	cameras	4.4245152
1464	island	7.119785
1465	insanity	3.2949686
1466	resulting	9.399273
1467	former	7.5123453
1468	vietnam	17.030005
1469	hard	10.489118
1470	playing	4.625368
1471	fighting	11.014291
1472	anytime	3.727253
1473	governments	1.937248
1474	cellmate	6.306811
1475	cruise	15.311177
1476	nightclub	6.425448
1477	suspects	3.3579981
1478	strongly	6.2945304
1479	allowed	2.523685
1480	-	4.414641
1481	wildlife	17.43793
1482	trust	5.8508573
1483	divers	5.7293596
1484	shooting	4.883973
1485	working	4.444468
1486	program	3.9621017
1487	song	15.628725
1488	suppose	2.3082786
1489	advertise	2.770563
1490	donate	14.794035
1491	1947	8.023193
1492	ice	7.5479016
1493	unaware	3.2008383
1494	room	3.9090495
1495	programs	4.59162
1496	gain	16.765253
1497	mad	3.018224
1498	fish	3.626906
1499	orangutan	12.386392
1500	inserts	2.1664407
1501	instilled	10.1715
1502	treatment	11.63138
1503	topless	2.4457884
1504	thursday	8.015254
1505	addiction	7.807348
1506	messed	2.4910605
1507	vet	14.550334
1508	create	6.41802
1509	chicken	1.7561864
1510	governmental	6.0623994
1511	alone	5.4092493
1512	revealing	3.9142768
1513	been	5.211855
1514	consideration	6.433116
1515	rosecrans	3.1641493
1516	corrupt	2.7614453
1517	thats	4.349486
1518	escorted	15.501276
1519	choose	13.991287
1520	shannen	16.794758
1521	oklahoma	7.3147264
1522	losing	13.617787
1523	focused	9.411051
1524	home	15.874115
1525	necessity	5.8363028
1526	just	3.7499483
1527	housed	7.604254
1528	cases	3.3551123
1529	institutions	7.185954
1530	bring	9.556591
1531	boring	2.4163327
1532	pets	14.560896
1533	lab	4.9398212
1534	blows	6.4512954
1535	frogs	7.001841
1536	shoes	9.741377
1537	feelings	13.363979
1538	catches	2.5150514
1539	giant	5.1881
1540	psychiatrist	9.153118
1541	competition	1.8009747
1542	m	10.431962
1543	obtained	10.931051
1544	talking	3.5298464
1545	obviously	2.5106974
1546	stomach	7.9227657
1547	upload	3.3162796
1548	volkswagen	6.2795444
1549	killed	14.201057
1550	go	6.736758
1551	2011	9.620023
1552	almost	6.193718
1553	35	12.23858
1554	back	5.494781
1555	alarmed	4.320372
1556	lurk	3.1621084
1557	easy	11.784943
1558	relief	7.329504
1559	bombing	10.099203
1560	loved	22.301851
1561	policies	4.843987
1562	severe	8.175727
1563	smoke	3.9827454
1564	unbearable	14.082481
1565	horrible	9.66913
1566	least	1.7417221
1567	sorry	3.6638234
1568	beings	13.46804
1569	isn	2.5641775
1570	here	3.7060928
1571	""""	4.087655
1572	short	3.2383444
1573	medication	6.728849
1574	normal	2.5631232
1575	elevator	3.8125114
1576	extended	10.472446
1577	word	7.955819
1578	offended	2.9547553
1579	exist	2.7593095
1580	have	6.440749
1581	slaughtering	7.921065
1582	says	9.664543
1583	pleading	12.054848
1584	important	10.4147835
1585	checked	3.714405
1586	bay	8.787063
1587	nineteen	10.286128
1588	halftime	4.2863135
1589	incarceration	14.843353
1590	cruel	10.682589
1591	somewhat	2.8946462
1592	occurred	3.890921
1593	seems	2.69012
1594	frequently	8.447412
1595	overrun	3.687119
1596	everything	7.4539685
1597	liable	2.7063167
1598	cant	4.500087
1599	fallen	12.899769
1600	is	5.4064746
1601	oil	2.9601016
1602	scarce	11.212825
1603	chance	7.0894294
1604	sixty	10.506218
1605	transparent	6.823846
1606	enough	2.3710227
1607	treating	7.161421
1608	babies	17.839619
1609	mismanagement	9.44686
1610	mortgage	12.45837
1611	glad	8.085551
1612	make	8.343972
1613	ensued	3.6509147
1614	power	10.703859
1615	flip	6.8791814
1616	knowingly	2.5164576
1617	understand	13.000193
1618	confused	5.3887353
1619	saying	2.8003883
1620	intoxicated	9.870998
1621	judging	1.6898123
1622	against	4.8742485
1623	stated	5.0847745
1624	time	2.303022
1625	arrested	5.4740205
1626	ready	6.2441435
1627	addition	5.704804
1628	comments	5.580145
1629	was	5.599049
1630	warning	5.5721407
1631	kong	4.2397914
1632	mans	4.968661
1633	contact	18.324625
1634	bet	1.6100502
1635	terrorists	4.5618143
1636	nothing	2.1541579
1637	seals	10.198259
1638	glenarden	3.1641493
1639	potentially	4.4675965
1640	abandoning	6.699755
1641	watch	5.1816316
1642	again	4.4842668
1643	$	2.383724
1644	hurry	4.0789213
1645	evasive	7.188145
1646	voting	5.099426
1647	attempted	4.4598937
1648	shock	2.628134
1649	theres	3.0488653
1650	left	4.2738814
1651	deceively	3.1641493
1652	killings	12.313449
1653	fortunately	2.9635797
1654	blind	4.4964776
1655	natural	4.982045
1656	perhaps	3.429749
1657	pretty	5.8139267
1658	protecting	10.573913
1659	health	16.874468
1660	me	5.560911
1661	happening	4.424024
1662	faces	8.0636425
1663	heads	3.417649
1664	dinner	2.9933343
1665	live	9.501725
1666	f	6.29426
1667	saved	11.148269
1668	fill	9.656693
1669	injured	12.74568
1670	depend	6.934115
1671	incident	7.8761034
1672	near	9.8712845
1673	boy	4.8498073
1674	extensive	15.599495
1675	affecting	5.2150903
1676	met	7.5543413
1677	park	7.420447
1678	saddens	7.3830676
1679	safety	11.613428
1680	indian	8.163523
1681	actress	8.462381
1682	him	5.922569
1683	clip	3.9429064
1684	call	7.074945
1685	troubling	3.1494334
1686	pollution	14.408262
1687	let	3.2900221
1688	capitalist	3.956421
1689	eating	6.673404
1690	were	7.5967813
1691	smashing	10.359412
1692	thoughts	6.790042
1693	clover	8.403183
1694	joke	1.4548059
1695	protesters	11.277356
1696	killing	12.434024
1697	fan	2.0154178
1698	unqualified	6.4354324
1699	highway	9.857846
1700	putting	4.5415215
1701	hong	6.9447446
1702	drug	3.7728176
1703	supposed	2.1188514
1704	change	2.0212355
1705	virus	2.371661
1706	upbringing	14.552769
1707	taken	4.904669
1708	classify	8.369333
1709	pushes	3.5947354
1710	veterans	18.511082
1711	know	5.9831824
1712	graffiti	8.671184
1713	compassion	24.53743
1714	evacuate	11.80322
1715	days	9.143482
1716	appreciate	6.583679
1717	breaking	4.356401
1718	under	4.88259
1719	whatever	2.1125247
1720	doctor	5.937717
1721	boil	6.636952
1722	epa	12.843433
1723	retirement	12.862136
1724	surrendered	16.638046
1725	hello	8.542899
1726	danger	8.792942
1727	classic	8.772579
1728	knowledge	6.916963
1729	learned	5.5087214
1730	attention	7.524169
1731	bombings	13.70542
1732	entirety	3.4666147
1733	lose	14.144469
1734	man	2.7896857
1735	my	6.3501925
1736	hell	5.595268
1737	climber	7.107719
1738	drugs	3.9663966
1739	defective	6.3513155
1740	indonesian	3.0266473
1741	internet	2.866028
1742	probably	2.2916603
1743	prior	4.982719
1744	successful	4.107374
1745	armed	8.08416
1746	mutation	8.486735
1747	ended	4.2293754
1748	somewhere	3.411689
1749	always	7.9265466
1750	middle	4.667462
1751	acknowledge	3.4814484
1752	ride	3.2493045
1753	occur	5.6325693
1754	corner	3.636033
1755	avoid	6.5083494
1756	interface	8.4905815
1757	airstrikes	16.872726
1758	fingers	6.3596973
1759	men	2.8458133
1760	military	4.1939816
1761	valid	4.29471
1762	clearly	3.4735253
1763	close	10.683444
1764	not	2.5130343
1765	yourself	6.490667
1766	asshole	2.6260998
1767	zone	7.351896
1768	regular	3.8128684
1769	fairly	4.2780304
1770	dealing	10.990169
1771	spread	9.927288
1772	appearances	5.9785404
1773	details	6.1197844
1774	grandchildren	15.153992
1775	commit	2.994968
1776	websites	4.4643598
1777	shares	9.846111
1778	ve	13.389702
1779	pressure	3.8871717
1780	rejected	5.9463196
1781	,	7.709351
1782	watched	4.3787484
1783	abject	4.7856817
1784	freak	2.218553
1785	conditions	8.698541
1786	addict	3.721574
1787	named	5.5386996
1788	inhumane	11.101785
1789	smart	2.4436026
1790	attempting	3.0555558
1791	development	8.527099
1792	pesticides	14.489313
1793	civilians	12.453738
1794	channel	8.12678
1795	sad	10.176459
1796	fuss	2.1535408
1797	simply	3.0170102
1798	supported	4.4030766
1799	forest	15.585576
1800	decreased	9.492103
1801	had	5.933932
1802	more	8.189704
1803	unborn	21.115221
1804	outrage	3.957243
1805	thoght	9.566767
1806	plan	3.9526157
1807	weasels	7.593363
1808	arms	6.920996
1809	24	12.374323
1810	&	13.248734
1811	india	10.347055
1812	dishonest	1.5603311
1813	forefront	4.635297
1814	married	4.4307823
1815	finally	8.627899
1816	shady	1.7599
1817	appalachia	25.792953
1818	diana	22.06142
1819	temperature	4.026322
1820	rebels	6.518862
1821	acceptable	2.29979
1822	student	6.9889326
1823	purposes	5.048858
1824	hey	3.201995
1825	destroying	8.969187
1826	mental	8.231986
1827	bag	2.8574905
1828	shop	2.9626105
1829	none	1.6891565
1830	them	6.6204967
1831	partially	3.083274
1832	pointing	3.8074603
1833	higher	6.572493
1834	mom	13.765755
1835	friday	7.208901
1836	paying	2.49754
1837	incredibly	9.310728
1838	).	3.1641493
1839	poison	7.5532937
1840	save	11.948397
1841	view	4.962194
1842	action	2.4681401
1843	aww	19.25582
1844	excuse	1.6938294
1845	plaintiffs	5.1924086
1846	test	3.156144
1847	federal	8.932381
1848	customer	10.003476
1849	parking	10.278525
1850	hungry	11.448165
1851	above	3.0103002
1852	finding	10.510826
1853	that	2.6072342
1854	individual	5.9875317
1855	causes	7.513562
1856	given	7.9118676
1857	crazy	2.3916008
1858	disposable	2.4390674
1859	e	11.181077
1860	body	6.5359125
1861	dnc	7.617109
1862	divide	11.316528
1863	per	7.8027143
1864	bailouts	12.246071
1865	violence	14.052298
1866	replace	5.04583
1867	degree	7.091406
1868	freaks	1.90736
1869	riding	3.1771193
1870	donald	7.941885
1871	needed	7.3483434
1872	orders	3.663712
1873	speaks	10.412506
1874	humanita	3.1641493
1875	rabid	4.343185
1876	you	9.7824135
1877	commute	10.852828
1878	having	5.6563087
1879	trials	15.916291
1880	adults	6.910024
1881	hills	12.199114
1882	imagine	6.027313
1883	better	5.4417877
1884	ways	7.164638
1885	idiot	1.504152
1886	investigations	15.576909
1887	endless	7.9898343
1888	selfish	7.1810045
1889	“	11.498138
1890	quite	3.1332197
1891	popping	4.3222857
1892	inside	7.412726
1893	guests	6.366729
1894	rabies	10.157571
1895	your	13.692711
1896	270	11.291586
1897	living	9.683235
1898	marlins	11.7182045
1899	couple	4.735763
1900	those	5.942489
1901	obesity	11.788538
1902	suspect	2.726766
1903	nonetheless	3.0581036
1904	environmental	17.217329
1905	nude	2.2001433
1906	priority	6.6370625
1907	tears	17.823421
1908	unhealthy	4.2321362
1909	smoking	3.3640175
1910	serve	9.6894245
1911	said	5.9943533
1912	calmly	6.672165
1913	buildings	11.14889
1914	creates	5.998122
1915	associated	10.386163
1916	somehow	5.2962418
1917	centrists	4.7231355
1918	vulnerable	17.03547
1919	next	3.2585063
1920	does	6.6287136
1921	apparent	4.033292
1922	sensitive	6.7170634
1923	everyday	8.062523
1924	shocking	3.6172924
1925	basically	2.4506164
1926	arresting	6.1224837
1927	secure	10.092862
1928	data	7.801539
1929	extent	3.7471328
1930	world	4.507317
1931	aid	12.010649
1932	please	8.005509
1933	win	9.702784
1934	meat	2.5127895
1935	general	4.3785253
1936	mercy	18.76016
1937	suspicion	4.1794953
1938	meet	8.2286415
1939	only	1.7126635
1940	globally	8.042254
1941	mother	15.90381
1942	allow	5.5175233
1943	mariah	16.849464
1944	continue	4.7578826
1945	hundreds	12.476616
1946	criminal	2.8492622
1947	amusing	1.3709396
1948	vehicle	12.068108
1949	mean	7.3992267
1950	narco	4.2676764
1951	cnn	5.470994
1952	led	7.6865954
1953	gave	10.022529
1954	targeting	11.428747
1955	hands	10.505772
1956	method	4.3105025
1957	start	5.9288974
1958	earthquake	9.0465555
1959	leaf	5.7519994
1960	he	4.85537
1961	bugs	3.472957
1962	sort	1.7594929
1963	should	3.3582191
1964	boyfriend	3.9135067
1965	notifiing	3.1641493
1966	animal	16.817259
1967	boko	10.96365
1968	release	7.278697
1969	rebuilding	4.9274464
1970	cars	5.933978
1971	old	5.0869784
1972	spin	5.325092
1973	involving	4.062434
1974	accident	11.346735
1975	pills	4.541838
1976	crushed	13.113316
1977	behaving	2.9704223
1978	trashy	2.2063994
1979	released	6.301374
1980	rid	5.2467556
1981	groups	6.863802
1982	unbelievable	9.089367
1983	brits	5.235106
1984	makeup	1.9070345
1985	fix	1.7511315
1986	driving	9.449678
1987	war	13.758691
1988	seeing	8.73553
1989	grocery	3.7679584
1990	purposely	3.0083811
1991	philippines	9.651887
1992	backing	3.8631504
1993	punishment	6.7813826
1994	an	7.585309
1995	younger	8.972692
1996	mixed	3.544439
1997	never	2.5333955
1998	form	8.411337
1999	third	2.9523916
2000	fair	4.5293674
2001	day	4.514396
2002	which	4.499223
2003	platform	6.828611
2004	affairs	3.4242673
2005	creepy	2.005409
2006	advantage	6.076115
2007	deserved	13.58205
2008	negelectful	3.1641493
2009	awfully	6.367925
2010	wild	3.6304176
2011	bigger	4.0309973
2012	pattern	5.0101137
2013	collision	14.793137
2014	heart	19.887482
2015	garden	7.849527
2016	—	7.916087
2017	threat	3.4256642
2018	korea	2.0443556
2019	nicholas	12.808965
2020	anywhere	2.0367663
2021	counterfeit	2.5844753
2022	wanting	4.7465935
2023	75	13.969132
2024	delve	9.22208
2025	businesses	7.6494236
2026	gay	1.9061444
2027	million	6.4713883
2028	drivers	6.1914644
2029	getting	10.883113
2030	abandon	8.267171
2031	:	6.3992977
2032	15	14.319073
2033	herself	9.992231
2034	haram	10.086718
2035	...	6.2460027
2036	reminder	8.332908
2037	condone	2.2579699
2038	difficulty	7.5539107
2039	why	6.9680614
2040	banker	6.1026483
2041	one	2.6693575
2042	regarding	6.403705
2043	existing	6.2862287
2044	residence	9.207596
2045	link	4.023956
2046	economically	9.1653385
2047	national	8.292559
2048	scared	7.1884294
2049	negated	5.8093033
2050	unexpected	4.6673074
2051	phone	4.0327144
2052	efforts	6.750634
2053	taking	3.9583638
2054	rescuers	15.189534
2055	reason	1.7834426
2056	these	10.440355
2057	true	4.1353335
2058	generation	3.9816341
2059	wouldn	2.4998236
2060	mayor	6.6066985
2061	myanmar	22.975471
2062	ponds	5.9345946
2063	guys	3.5367568
2064	vast	6.156522
2065	climate	3.1788445
2066	some	5.2217484
2067	figures	2.1963575
2068	pissed	2.917868
2069	iraqi	10.161675
2070	cares	2.6675057
2071	learn	9.052219
2072	article	6.0845165
2073	patients	15.615526
2074	into	8.0744705
2075	crazed	1.9976643
2076	makes	8.986417
2077	caribbean	13.667722
2078	sanders	15.232026
2079	survive	12.569875
2080	dealers	3.8199644
2081	belongings	21.008385
2082	cover	7.726792
2083	nearly	4.9922442
2084	netflix	3.4797096
2085	passing	8.022309
2086	screamed	10.27859
2087	too	6.5081887
2088	safe	7.891407
2089	mongering	1.5670959
2090	realistically	3.7331042
2091	officers	8.147729
2092	head	6.798322
2093	psycho	3.3787992
2094	company	5.689042
2095	directly	8.472656
2096	course	2.138469
2097	handle	4.329217
2098	prison	9.314428
2099	can	6.7578206
2100	apparently	1.9323722
2101	000	16.981394
2102	sidelined	3.199461
2103	itself	2.5821652
2104	crash	8.564865
2105	issue	2.0851822
2106	apartment	8.321007
2107	exhuming	5.014549
2108	won	3.4145286
2109	hidden	4.428829
2110	baffling	1.8354168
2111	add	5.0792637
2112	available	6.626544
2113	choices	10.742506
2114	disregard	4.4526267
2115	uae	5.984054
2116	lacked	4.5842795
2117	teenage	4.932198
2118	lenient	3.6951866
2119	targeted	14.370271
2120	concern	4.2107735
2121	ulterior	4.6296444
2122	we	13.373636
2123	waiting	2.83135
2124	parents	11.697753
2125	children	18.500488
2126	i	4.5411067
2127	suing	2.2111807
2128	previous	4.241635
2129	shoot	6.404189
2130	whoever	2.1667144
2131	repeating	3.4586296
2132	threatened	6.826801
2133	snapchat	3.0024984
2134	cave	7.0777125
2135	diagnosed	15.297571
2136	officials	5.5906196
2137	deadly	8.336627
2138	notes	7.346045
2139	alot	9.216588
2140	talks	6.2412214
2141	battling	9.2992735
2142	nerve	2.9039237
2143	frustrating	5.6986804
2144	crack	1.8131161
2145	educate	10.830997
2146	companies	3.5702448
2147	especially	11.091985
2148	moving	8.890215
2149	horrifying	6.952686
2150	emphasis	8.321615
2151	payers	4.7835307
2152	until	2.8411067
2153	age	12.053247
2154	terrible	9.49445
2155	by	6.3819823
2156	mistake	2.255062
2157	smaller	9.446278
2158	single	2.989129
2159	outside	2.8376386
2160	dependent	5.0306244
2161	if	2.893981
2162	sanitary	4.905537
2163	absurd	1.4434129
2164	financial	10.123752
2165	lack	4.7802386
2166	mutated	3.8933518
2167	whose	7.9290233
2168	another	2.156818
2169	such	5.6908298
2170	during	7.881272
2171	forms	10.806611
2172	region	8.608603
2173	wonder	5.415998
2174	discriminated	13.952363
2175	texas	6.3509035
2176	night	4.5120554
2177	community	9.79288
2178	users	5.336815
2179	coal	16.058176
2180	wife	3.909904
2181	dies	17.15272
2182	when	7.8640037
2183	collided	13.655655
2184	vaginal	10.820314
2185	words	16.279692
2186	peaceful	13.871907
2187	denying	2.1714165
2188	sweetest	15.842086
2189	provincial	8.321984
2190	allege	7.200726
2191	high	5.498708
2192	insecure	2.0471168
2193	turns	7.1423755
2194	nervous	4.6790338
2195	inaccessible	12.085252
2196	elements	9.263182
2197	poisoned	7.866531
2198	seeking	9.424539
2199	perturbed	4.2886343
2200	way	5.7344117
2201	run	5.1673307
2202	range	7.3608074
2203	things	3.9387844
2204	besides	1.7826226
2205	migrating	14.242111
2206	enforcement	4.4835796
2207	easier	10.484428
2208	ambulances	13.876891
2209	12	13.636371
2210	weather	4.237076
2211	nigerian	5.412696
2212	begin	10.771974
2213	friends	9.626749
2214	islands	11.037751
2215	coaster	12.867544
2216	gang	2.4902463
2217	iranian	2.6546304
2218	type	4.172779
2219	government	2.591845
2220	blaming	2.6424594
2221	trouble	4.5126524
2222	burned	20.171944
2223	devastated	20.327682
2224	trauma	26.634178
2225	able	7.7526793
2226	90210alum	3.1641493
2227	needs	7.1180787
2228	treat	11.899402
2229	since	3.6726997
2230	route	8.62512
2231	driven	9.326029
2232	shiite	2.6619554
2233	the	4.0464535
2234	porn	1.4943099
2235	assaulting	8.835571
2236	but	2.2583528
2237	isis	11.87967
2238	sales	7.141062
2239	dream	4.40297
2240	large	6.3534546
2241	van	12.601199
2242	dimaukom	3.1641493
2243	rest	1.9530201
2244	)	3.9212034
2245	haiti	13.882229
2246	manipulative	6.9761677
2247	ran	4.8526955
2248	falcons	15.154685
2249	injuring	10.879127
2250	situations	5.392596
2251	recognize	5.2277026
2252	prevent	4.148578
2253	helping	11.137868
2254	extremes	2.6364949
2255	politics	3.490398
2256	absolute	7.978474
2257	sounded	5.371473
2258	characters	7.2354035
2259	receive	18.770456
2260	effort	2.2213893
2261	immune	5.3198576
2262	murdered	16.092192
2263	iud	10.119125
2264	heard	6.2582746
2265	needlessly	4.2669296
2266	recalled	11.691617
2267	thankfully	2.615138
2268	anyone	1.7180552
2269	waged	10.798487
2270	readying	8.096401
2271	much	2.5702126
2272	facts	4.375107
2273	society	3.0356584
2274	careless	5.0694566
2275	actually	2.7040193
2276	muslims	6.8976054
2277	psychologists	8.420697
2278	rearing	5.76592
2279	prevented	5.5027323
2280	homicide	20.15995
2281	his	7.3753495
2282	fbi	5.132742
2283	shared	8.639673
2284	endangered	14.2393465
2285	responsibilty	7.3209453
2286	has	6.0146356
2287	zika	5.0161724
2288	leave	5.330603
2289	100	9.329939
2290	lot	4.857526
2291	happily	2.606832
2292	illegally	3.448965
2293	absolutely	9.128488
2294	chaotic	8.261963
2295	illness	20.328169
2296	need	7.9365697
2297	enforce	2.4545507
2298	factors	7.437745
2299	recently	7.4201245
2300	southern	12.070832
2301	possibilities	4.9770555
2302	surface	13.013611
2303	―	6.4770327
2304	cool	2.9978504
2305	brought	6.9738817
2306	wasn	3.0264616
2307	several	9.142736
2308	neo	6.317389
2309	assault	13.80405
2310	force	4.838208
2311	christian	11.460714
2312	handling	5.5083075
2313	petition	7.9885345
2314	delusional	1.448198
2315	fell	12.021408
2316	snack	10.36197
2317	sheer	4.1913486
2318	80	12.215547
2319	asked	5.7282014
2320	experience	14.235131
2321	sound	9.209624
2322	insane	2.4342175
2323	school	6.6380587
2324	bird	17.677847
2325	goal	7.426035
2326	zoo	17.50065
2327	or	4.9583087
2328	immigration	5.2237706
2329	young	10.261045
2330	migrants	11.64156
2331	speak	11.137331
2332	major	3.769598
2333	late	3.4633586
2334	say	3.738383
2335	state	6.8745017
2336	properly	3.6646028
2337	sex	3.3890007
2338	everywhere	8.43667
2339	extremely	9.029698
2340	enemies	13.5399
2341	equaling	8.004539
2342	level	3.649078
2343	limb	5.151248
2344	rising	7.4759684
2345	emotional	19.668058
2346	control	3.7349496
2347	nyc	12.507617
2348	knew	8.149351
2349	disturbing	2.2963188
2350	thrown	7.3351617
2351	122	14.553299
2352	moment	3.0532103
2353	attributed	6.2389464
2354	portrays	11.341254
2355	scientist	2.782185
2356	protesting	6.6486087
2357	ambush	9.149758
2358	sucker	2.9754117
2359	unsurpising	3.1641493
2360	once	3.616939
2361	alexander	15.29609
2362	grand	3.866143
2363	(	3.9268396
2364	filthy	5.063752
2365	restrict	3.855208
2366	typical	3.186117
2367	requires	5.5953426
2368	presumably	3.0360675
2369	helpful	9.45984
2370	prisons	11.479168
2371	camera	2.7146428
2372	cheer	6.0891676
2373	bottle	4.489264
2374	america	8.780197
2375	purchase	10.585471
2376	june	12.395339
2377	unable	7.1897
2378	worrying	1.4974145
2379	picked	6.540386
2380	bacteria	5.6869993
2381	eighties	6.118363
2382	yahoo	2.8015046
2383	aleppo	12.046286
2384	zero	4.0890174
2385	dissolved	5.060024
2386	pests	11.031825
2387	energy	16.032745
2388	husband	7.7603855
2389	feel	17.933617
2390	effecting	3.8079982
2391	parent	11.547691
2392	exists	2.0203483
2393	justice	14.691919
2394	pythons	7.021835
2395	guantanamo	5.3399167
2396	saving	9.039226
2397	began	7.3271813
2398	victims	10.078866
2399	exploring	12.3719
2400	street	4.29681
2401	group	4.0680137
2402	racial	11.616171
2403	proposal	7.6345797
2404	thought	3.8134165
2405	sadly	3.5593212
2406	allows	6.6216254
2407	help	14.907929
2408	knowing	6.3154435
2409	strange	2.3188968
2410	experiences	18.086332
2411	giraffes	16.7211
2412	dubious	1.4540818
2413	outraged	4.6171646
2414	less	4.037164
2415	pictures	9.052215
2416	mind	3.1850312
2417	climb	8.04237
2418	changes	3.7432485
2419	retail	6.1407943
2420	lifetime	12.310709
2421	opinion	2.3355582
2422	tactics	3.2350676
2423	awful	8.245607
2424	separate	4.2280035
2425	regime	3.0993023
2426	shackles	4.8162355
2427	card	8.823502
2428	uganda	25.219696
2429	walk	16.983568
2430	kill	10.178911
2431	car	10.1004925
2432	between	6.908301
2433	stateside	3.5343368
2434	blame	2.7554033
2435	cosmetics	2.8712692
2436	study	11.483418
2437	similar	3.5080814
2438	fraudulent	3.0876744
2439	still	4.2822094
2440	mess	1.8591324
2441	roller	14.825192
2442	where	4.4289656
2443	money	2.6976826
2444	2013	8.623077
2445	story	5.621046
2446	shootings	10.167404
2447	deonte	3.1641493
2448	loving	14.6098385
2449	bank	6.514752
2450	unreachable	6.6389675
2451	hate	3.814085
2452	driver	5.9774027
2453	private	6.4317384
2454	hunger	14.913565
2455	ultimately	9.209494
2456	completely	4.3019567
2457	profiling	8.415973
2458	idea	3.4095356
2459	insults	7.919791
2460	arguing	1.5322479
2461	proper	4.756122
2462	lead	9.251879
2463	then	6.2398195
2464	mood	2.2978446
2465	tortured	17.393364
2466	raptors	17.148474
2467	deal	10.047121
2468	instead	3.0173328
2469	remorse	17.106146
2470	act	5.5484705
2471	throw	6.1807237
2472	ordeal	14.175686
2473	differences	3.2913227
2474	staying	4.3046846
2475	entire	3.1000638
2476	crush	8.952873
2477	lifestyle	7.5678887
2478	alarming	3.8738787
2479	issues	4.014088
2480	progress	2.5768273
2481	arrogant	2.0295727
2482	incompetent	1.725184
2483	dead	3.763423
2484	2	8.40553
2485	kept	3.1298578
2486	twice	6.739162
2487	extinct	5.107692
2488	shooter	2.3193996
2489	set	3.4519143
2490	reliable	9.112727
2491	pulse	7.783347
2492	shaking	2.8629978
2493	allies	11.693084
2494	drive	9.295342
2495	freaking	3.847461
2496	scaring	4.0336223
2497	specific	5.17188
2498	army	5.3973804
2499	vague	4.6796255
2500	22	14.54553
2501	fucking	3.9505925
2502	careful	5.872233
2503	discuss	4.401815
2504	potential	6.293224
2505	russia	6.4084287
2506	fluid	5.262458
2507	crapping	1.899453
2508	authorities	6.65351
2509	sea	12.01902
2510	blindness	11.238264
2511	wow	7.507358
2512	themselves	2.956781
2513	all	5.327536
2514	selling	3.6752884
2515	cooperates	4.658316
2516	preserve	11.283303
2517	happened	3.8955116
2518	together	7.785322
2519	partying	4.2221107
2520	bernardo	12.703327
2521	boats	7.756612
2522	tablets	12.044394
2523	anti	2.0667255
2524	morning	7.3399806
2525	public	5.718966
2526	rush	5.6959763
2527	strict	4.8954077
2528	take	5.027292
2529	share	8.26403
2530	attacked	11.022421
2531	scary	6.158358
2532	teachers	11.666497
2533	arrived	7.113703
2534	must	9.140695
